<?xml version = "1.0" encoding = "UTF-8"?>
<beans xmlns = "http://www.springframework.org/schema/beans"
   xmlns:xsi = "http://www.w3.org/2001/XMLSchema-instance"
   xsi:schemaLocation = "http://www.springframework.org/schema/beans
   http://www.springframework.org/schema/beans/spring-beans-3.0.xsd">
   
<!-- Initialization for data source -->
   <bean id="dataSource" 
      class = "org.springframework.jdbc.datasource.DriverManagerDataSource">
      <property name = "driverClassName" value = "oracle.jdbc.driver.OracleDriver"/>
      <property name = "url" value = "jdbc:oracle:thin:@ldap://oidlbr.cs.boeing.com:3097/sqisdev3,cn=oraclecontext,dc=boeingdb"/>
      <property name = "username" value = "isisoltp"/>
      <property name = "password" value = "j9FRlcebEQ44atOLTP"/>
   </bean>

   <!-- Definition for studentJDBCTemplate bean -->
   <bean id = "studentJDBCTemplate" 
      class = "jdbc.StudentJDBCTemplate">
      <property name = "dataSource" ref = "dataSource" />    
   </bean>
</beans>