<?xml version="1.0" encoding="UTF-8"?>
<beans xmlns = "http://www.springframework.org/schema/beans"
   xmlns:xsi = "http://www.w3.org/2001/XMLSchema-instance"
   xmlns:tx = "http://www.springframework.org/schema/tx"
   xmlns:aop = "http://www.springframework.org/schema/aop"
   xsi:schemaLocation = "http://www.springframework.org/schema/beans
   http://www.springframework.org/schema/beans/spring-beans-3.0.xsd 
   http://www.springframework.org/schema/tx
   http://www.springframework.org/schema/tx/spring-tx-3.0.xsd
   http://www.springframework.org/schema/aop
   http://www.springframework.org/schema/aop/spring-aop-3.0.xsd">

   <!-- Initialization for data source -->
   <bean id="dataSource" 
      class = "org.springframework.jdbc.datasource.DriverManagerDataSource">
      <property name = "driverClassName" value = "com.mysql.jdbc.Driver"/>
      <property name = "url" value = "jdbc:mysql://localhost:3306/TEST"/>
      <property name = "username" value = "root"/>
      <property name = "password" value = "cohondob"/>
   </bean>
  
   
	
	 <!-- the transactional advice (what 'happens'; see the <aop:advisor/> bean below) -->
  <tx:advice id="txAdvice" transaction-manager="txManager">
  <!-- the transactional semantics... -->
  <tx:attributes>
    <!-- all methods starting with 'get' are read-only -->
    <tx:method name="get*" read-only="true"/>
    <!-- other methods use the default transaction settings (see below) -->
    <tx:method name="*"/>
    <tx:method name = "create"/>
    <tx:method name="*" rollback-for="Throwable" no-rollback-for="InstrumentNotFoundException" />
  </tx:attributes>
  </tx:advice>
  
   <aop:config>
      <aop:pointcut id = "createOperation" 
         expression = "execution(* com.tutorialspoint.StudentJDBCTemplate.create(..))"/>
      
      <aop:advisor advice-ref = "txAdvice" pointcut-ref = "createOperation"/>
   </aop:config>
	
   <!-- Initialization for TransactionManager -->
   <bean id = "transactionManager"
      class = "org.springframework.jdbc.datasource.DataSourceTransactionManager">
      
      <property name = "dataSource" ref = "dataSource" />    
   </bean>

   <!-- Definition for studentJDBCTemplate bean -->
   <bean id = "studentJDBCTemplate"  
      class = "com.tutorialspoint.StudentJDBCTemplate">
      <property name = "dataSource" ref = "dataSource"/>  
   </bean>

</beans>